question,right_answer,hallucinated_answer
Какой была дата подписания Парижской конвенции?,15.06.1929 года,Парижская конвенция была подписана 20 марта 1883 года.
От чего не зависит фундаментальная постоянная - скорость света в вакууме?,от выбора инерциальной системы отсчёта,Скорость света в вакууме не зависит от амплитуды электромагнитной волны.
Кем развивалась дорожная сеть в Риме?,усилиями римских граждан,Дорожная сеть в Риме развивалась преимущественно силами наёмных греческих инженеров.
Когда Томасу Хейлсу удалось математически обосновать гипотезу о плотнейшей упаковке шаров в трёхмерном пространстве?,в 1998,Томас Хейлс представил строгое доказательство гипотезы о плотнейшей упаковке шаров в 2005 году.
Где картина Брюллова получила первую премию?,на парижском Салоне,Картина Брюллова получила первую премию на выставке в Милане.
Когда кремней становится прозрачным для инфакрасного изулчения ?,"с длины волны 1,1 мкм","Кремний становится прозрачным для инфракрасного излучения при длине волны около 0,8 мкм."
Когда существовала Фламиниева дорога?,220 год до н. э.,Фламиниева дорога была построена в 240 году до нашей эры.
"Что необходимо гетеротрофным организмам помимо белков, жиров и углеводов?","Витамины, нуклеиновые кислоты и микроэлементы",Гетеротрофным организмам необходимы исключительно минеральные соли и вода.
В сочетании с чем использовались трубы в классических оркестрах?,в их сочетании с литаврами и валторнами,В классических оркестрах трубы использовались преимущественно в сочетании с флейтами и гобоями.
Какая дисциплина выделяет знаки в окружающем мире и изучает их смысл и взаимосвязь?,Семиотика,Герменевтика занимается изучением знаков и их смыслов в окружающем мире.
Для каких видов млекопитающих особо важна слепая кишка?,"Для видов, кормящихся грубой растительной пищей","Слепая кишка особенно важна для хищных млекопитающих, питающихся белковой пищей."
Когда в Европе появились латинская и мавританская гитары?,около VI века,Латинская и мавританская гитары появились в Европе примерно в IX веке.
Когда была завершена разработка телеграфа?,В 1838 году,Разработка телеграфа была полностью завершена в 1844 году.
"Кто видел, что логика подразделяет простые понятия на известные разряды?",Лейбниц,"Аристотель впервые описал, что логика подразделяет простые понятия на разряды."
Для кого строили дороги в Риме?,войск и торговых караванов,В Риме дороги строились прежде всего для перемещения религиозных процессий.
Что такое неполярные ковалентные связи?,двухатомная молекула состоит из одинаковых атомов,"Неполярные ковалентные связи возникают в молекулах, состоящих из трёх и более одинаковых атомов."
Где эта технология не получила распространения?,В восточной части государства,Технология не получила распространения в западных провинциях государства.
Какие земли принадлежали Индии ?,все материковые земли и острова,Индии принадлежали только территории к северу от реки Ганг.
Какова глубина на большей части территории Мирового океана?,превышает 3000 м,На большей части Мирового океана глубина не превышает 1500 метров.
Для чего делают двухярусные метромосты?,"на верхнем ярусе располагается автомобильная или железная дорога, а на нижнем — линия метро",Двухъярусные метромосты строят для разделения встречных поездных потоков метро.
К чему может привести попытка перегрузить сеть?,размер реестра станет неуправляемым,Попытка перегрузить сеть может привести к автоматическому удвоению пропускной способности.
"Что происходит с комиссией за транзакцию, если пользователь проводит торги с огромной скоростью (многие тысячи в минуту)?",Комиссия за транзакцию повышается,Комиссия за транзакцию при высокой скорости торгов аннулируется.
Сколько учеников обучалось в восьмилетней образовательной системе кантона Женева в в 2011—2012 учебном году?,32 716 учеников,В восьмилетней системе кантона Женева обучалось около 28 500 учеников.
К чему причастна каждая из ступеней?, соседней высшей,Каждая из ступеней причастна к формированию музыкального слуха.
К каким фундаментальным постоянным относится скорость света в вакууме?,физическим,Скорость света относится к термодинамическим постоянным.
Какой альбом Боба Дилана вышел в мае 1966?,Blonde on Blonde,В мае 1966 года вышел альбом Боба Дилана «Highway 61 Revisited».
Где бетон особенно широко использовался?,В Древнем Риме.,Бетон особенно широко использовался в Древней Греции.
Что анализируют палеонтологи и геологи,окаменелости,Палеонтологи и геологи анализируют состав древних атмосферных газов.
"Для чего фильмы, снятые панорамными технологиями, перепечатывались на широкие форматы киноплёнки?",для демонстрации в традиционных кинотеатрах,Фильмы перепечатывались для показа в передвижных кинотеатрах.
Какой материал применялся для изготовления скульптур на современном этапе развития?,декоративный бетон,На современном этапе для скульптур преимущественно используется акриловое стекло.
Кому 19 января 1824 года он писал: Мы готовимся к экспедиции ?,Хэнкопу,Это письмо было адресовано российскому императору Александру I.
В какой период большинство скульптур выполнены из бетона?,советской эпохи,Большинство бетонных скульптур относятся к эпохе Возрождения.
Как все поэтики подходят к художественной литературе?,под углом зрения её специфики,Поэтики подходят к литературе исключительно с точки зрения её политического содержания.
Какое материальное положение было у Моцарта к 1789 году?,Материальное положение Моцарта по-прежнему оставалось печальным,К 1789 году материальное положение Моцарта значительно улучшилось благодаря постоянным доходам.
что встречается в протерозойских отложениях?,органические остатки,В протерозойских отложениях встречаются остатки многоклеточных животных.
Скульптуры какой эпохи были выполнены из него?,Советской эпохи,Скульптуры античной эпохи выполнялись из этого материала.
Чем отличаеться метромост от обычных мостов?,повышенной прочностью,Метромост отличается наличием пешеходных дорожек с обеих сторон.
Сколькими трубами пользовался классический оркестр?,двумя трубами,Классический оркестр обычно использовал четыре трубы.
Чем обладают шлифовальные насадки бормашин?,Алмазным напылением,Шлифовальные насадки обладают хромовым покрытием.
Для каких групп пользователей может содержать закрытые разделы?,"сотрудников, дилеров, контрагентов и пр.",Закрытые разделы могут содержаться для случайных посетителей сайта.
После распада какой Империи произошел рассвет Тебризской школы персидской миниатюры?,Тимуридской Империи.,Рассвет Тебризской школы наступил после распада Османской империи.
В какой период действовала экспериментальная троллейбусная линия?,с 29 апреля по 13 июня 1882,Экспериментальная троллейбусная линия действовала с мая по август 1882 года.
"Чем общим обладает крупица золота, найденная цыганом или владельцем рудника?",Одинаковой способностью к сбыту,Крупица золота обладает одинаковой радиоактивностью.
Когда во МХТе ставили пьесу К. С. Станиславский и И. М. Москвин?,В начале XX века,Постановка пьесы во МХТе состоялась в середине XIX века.
Когда начались нападения японцев на русских солдат?,ночью на 27 января 1904 года,Японцы начали нападения на русских солдат в декабре 1903 года.
Какой буквой традиционно обозначается скорость света в вакууме,латинской буквой c ,Скорость света в вакууме традиционно обозначается греческой буквой ν.
чем представлены органические остатки?,известковыми выделениями сине-зелёных водорослей,Органические остатки представлены преимущественно остатками раковин моллюсков.
В какую сумму в бщей сложности космодром и город обходятся бюджету России?,"10,16 млрд рублей в год.","Космодром и город обходятся бюджету России примерно в 8,5 млрд рублей ежегодно."
Какая станция метрополитена Москвы расположена на метромосте?,Воробьёвы горы,Станция «Лужники» расположена на московском метромосте.
Во сколько обходится содержание и эксплуатация города Байконур и космодрома Байконур для российского бюджета?,"в 10,16 млрд рублей в год",Содержание Байконура обходится в 12 млрд рублей в год.
По современным представлениям что является предельной скоростью движения частиц и распространения взаимодействий,скорость света в вакууме,Предельной скоростью является скорость звука в плотных средах.
Цветовое пространство в каком измерении ?,трёхмерном,Цветовое пространство является четырёхмерным.
Примеры неорганических составных пищи?,"CO2, H2O",Примерами неорганических составляющих пищи являются аминокислоты и глюкоза.
Где эксплуотируется самый длинный метромост в мире на сентябрь 2013 года?,городе Новосибирске между станциями Речной вокзал и Студенческая ,Самый длинный метромост находится в Праге.
Что имели предшественники гитары помимо длинной шейки со струнами?,продолговатый округлый пустотелый резонирующий корпус,Предшественники гитары имели металлический резонирующий корпус.
Как решается проблема бесплодности у растений?,полиплоидизацией,Проблема бесплодия у растений решается путём вегетативного размножения.
Какие банкноты и монеты Центральный банк может держать в своем портфеле международных резервов?,выраженные в свободно конвертируемой валюте,"Центральный банк может держать только банкноты, номинированные в национальной валюте."
Сколько стоит Байконур,9 млрд рублей в год,Содержание Байконура стоит около 7 млрд рублей ежегодно.
В каком году вымерла династия Висконти,В 1447 году,Династия Висконти прекратила существование в 1450 году.
К чему относится скорость света в вакууме,к фундаментальным физическим постоянным,Скорость света относится к электромагнитным постоянным среды.
Сколько уже известен Бетон?,более 4000 лет,Бетон известен более 5000 лет.
Что Моцарт предложил в качестве материала для либретто?,комедию Пьера Бомарше Le Mariage de Figaro ,Моцарт предложил сюжет «Волшебной флейты» в качестве основы для либретто.
при каком общем стаже работы назначались пенсии состоявшим в штате команд мастеров,не менее 10 лет,Пенсии назначались при общем стаже не менее 15 лет.
Что помогает товару легко перемещаться?,Способность товара к обращению,Товару помогает легко перемещаться его низкая себестоимость.
Что характеризуют фундаментальные физические постоянные к которым относится скорость света в вакууме?,свойства пространства-времени в целом,Фундаментальные постоянные характеризуют свойства отдельных атомов.
Какой коворкинг предоставляет рабочие места писателям?,Paragraph,Коворкинг «Writer's Hub» предоставляет места писателям в Лондоне.
В какой работе Кеплер привёл несколько юмористическое возражение?, Разговор со Звёздным вестником ,Кеплер привёл юмористическое возражение в работе «Гармония мира».
Какую информацию IRS требует от банка UBS для предоставления налоговым властям США?,данные сразу о 52 тыс. счетов американцев,IRS требовала данные о 30 тысячах счетов американских граждан.
В каком году Нина Николаевна открыла Музей Грина в Старом Крыму?,В 1960,Музей Грина в Старом Крыму был открыт в 1975 году.
Что такое полярные ковалентные связи?,двухатомная молекула состоит из атомов разных химических элементов,Полярные ковалентные связи возникают только в трёхатомных молекулах.
В каком году Куско был покорен испанцами?,в 1536 году,Куско был покорён испанцами в 1533 году.
"Как называются структуры в клеточной стенке у нитчатых цианобактерий, обеспечивающие контакт двух соседних клеток?",микроплазмодесмы,Эти структуры называются плазмодесмами.
"Как Сюкаку помог детям, потерявшим мяч?","используя свои способности, смог достать мячик","Сюкаку создал песчаную стену, чтобы мяч отскочил обратно."
На что в индуизме нет абсолютного запрета?,на убийство,В индуизме нет абсолютного запрета на употребление говядины.
Как охранялась граница с Австрией?,как внешняя граница Швейцарии,Граница с Австрией охранялась как внутренняя граница Швейцарии.
Почему на чемпионатах мира 1962 и 1966 Пеле не смог полностью проявить себя на поле?,из-за травм,Пеле не проявил себя из-за дисквалификации.
"В какой отрасли экономики работало 27,2 % населения в 1950—70-х годах?",в сельском хозяйстве,"В промышленности работало 27,2% населения в те годы."
К чему возвратился исполнительский стиль?,к воспроизведению несложных мелодических построений или простых гармоний,Исполнительский стиль возвратился к сложным полифоническим импровизациям.
Чем занялся Кеплер изменив свое мнение о наблюдении за спутниками?,теорией линз.,Кеплер занялся астрологическими расчётами.
Где живет большинство саамов в России?,в Мурманской области,Большинство саамов в России живёт в Архангельской области.
Анализ чего привел Кеплера к догадкам о плотной упаковке шаров?,симметрии,Анализ снежинок привёл Кеплера к догадкам о плотной упаковке.
Что сказали учителя Готфриду после его представления им собственных разрядов предикаментов суждений?," мальчику не годится вводить новшества в предметы, которыми он ещё недостаточно занимался ",Учителя похвалили Готфрида за оригинальный подход.
Чем заболел Байрон в Миссолонги?,лихорадкой,Байрон заболел малярией.
У кого Моцарт был вынужден просить взаймы 100 флоринов?,у своего друга Франца Хофдемеля,Моцарт просил взаймы у императора Иосифа II.
Как пенсии за спортивные достижения и выслугу лет были установлены ?,постановлением Совета Министров СССР,Эти пенсии были установлены указом Президента России.
Чем осуществлялся электросъём в первом троллейбусе Сименса?,восьмиколёсной тележкой,Электросъём осуществлялся с помощью верхнего пантографа.
Что дополняет степени свободы кварка?,определённый вектор состояния,Степени свободы кварка дополняет электрический заряд.
Между какими станциями метрополитена в городе Новосибирске эксплуатируется самый длинный метромост в мире по данным на сентябрь 2013 года?,между станциями Речной вокзал и Студенческая ,Метромост находится между станциями «Площадь Ленина» и «Октябрьская».
Что у разных организмов приводит к различиям в выживаемости и вероятности оставить потомство согласно эволюции путём естественного отбора?,разные черты,Различия в окраске приводят к разной выживаемости.
Почему жители ненавидели Сюкаку?,испытывая страх перед его огромной силой,Жители ненавидели Сюкаку за его жадность.
Что такое закон Парето?,эмпирическое правило,Закон Парето описывает распределение доходов в обществе как 90/10.
Что тревожило постоянно хворавшего Байрона?,Болезнь его дочери Ады.,Байрона тревожили его долги.
Где появилось первое в нормативной базе для Международной гражданской авиации упоминание беспилотного воздушного судна?,в Парижской конвенции,Упоминание появилось в Чикагской конвенции 1944 года.
Когда пенсии за спортивные достижения и выслугу лет были установлены?,2 августа 1988 года,Пенсии были установлены 15 марта 1985 года.
"Какой диапазон температур оптимален для развития микроорганизмов, находящихся в сыром молоке?",около 20—25 °C,Оптимальная температура для микроорганизмов — около 35–40 °C.
"Какие конкретно клетки входят в функционально дифференцированные, имеющиеся у отдельных из нитчатых цианобактерий?",акинеты и гетероцисты,К дифференцированным клеткам относят споры и бациллы.
В какой стране был создан первый троллейбус?,в Германии,Первый троллейбус был создан во Франции.
Как называется абсолютная величина скорости распространения электромагнитных волн в вакууме?,Скорость света в вакууме,Эта величина называется электромагнитной постоянной.
"Что стремится дать поэтика, подходя к художественной литературе под углом зрения её специфики?",теорию поэтического искусства,Поэтика стремится дать классификацию литературных жанров.
На какой период был арендован Россией комплекс Байконур ,до 2050 года,до 2050 года
"Какой становилась белая смесь в опытах Шульца, когда солнечный свет попадал на нее?",тёмной,Смесь становилась зелёной.
Каким термином называется процесс термической переработки молока при повышенной температуре?,термизация,Этот процесс называется пастеризацией.
Что образует комплекс Байконур ?,Город Байконур и космодром Байконур,Комплекс Байконур образует только космодром без города.
При каком стаже работы эти пенсии назначались заслуженным мастерам спорта СССР и мастерам спорта СССР международного класса ?,не менее 20 лет,Пенсии назначались при стаже не менее 25 лет.
Какой климат в некоторых районах Крайнего Севера? чрезвычайно суровый,чрезвычайно суровый,Климат на Крайнем Севере умеренно континентальный.
Когда произошло видообразование путем скрещивания с образованием нового вида?,около 20 тысяч лет назад,Видообразование путём скрещивания произошло около 10 тысяч лет назад.
Что привело к ликвидации феодальной системы и восстановлению власти императорской династии?,Политические реформы,Экономический кризис привёл к этим изменениям.
В нелегкий период кто поддерживал Брюллова?,Самойлова,Брюллова поддерживал император Николай I.
К какой природной зоне относится территория Крайнего Севера?,"арктическая зона, тундра, лесотундра и районы северной тайги",Территория Крайнего Севера относится к зоне степей.
Каким образом автотрофными организмами синтезируются органические вещества?,Путём фотосинтеза или хемосинтеза,Автотрофы синтезируют органические вещества путём брожения.
Кто поставляет электрооборудование для троллейбусов?,"Siemens AG, Bombardier, Van Hool, Kiepe и др.",Электрооборудование поставляют компании Ford и General Motors.
Чем отличался Волков среди сверстников?,"умом, прилежанием и знаниями",Волков отличался физической силой.
Какой главной особенностью является выполнения произведений из искусственного камня?,долговечность,Главная особенность — низкая себестоимость.
У кого Россия арендует космодром,у Казахстана,Россия арендует космодром у Узбекистана.
Количество саамов в 1959 году?,1792 человека,В 1959 году насчитывалось 2100 саамов.
Сколько учеников обучались в частных школах в 2011—2012 учебном году в Женеве?,11 797 обучались в частных школах,В частных школах обучалось 15 тысяч учеников.
В каком году Вильгельм Хомберг описал фотохимические реакции?,В 1694 году,Вильгельм Хомберг описал эти реакции в 1702 году.
Чьими усилиями Грин был возвращён в литературу?,"К. Паустовского, Ю. Олеши, И. Новикова и других",Грин был возвращён усилиями Максима Горького.
Что определено по отечественным оценкам?,"Количество российских менеджеров, ещё больше.","По оценкам, количество менеджеров значительно ниже зарубежных показателей."
В каких местах индивидуальные макромолекулы в микрофибрилле начинаются и заканчиваются ?,в разных местах,Макромолекулы начинаются и заканчиваются в одних и тех же местах.
Где обитает большое количество губок?,В умеренных водах,Большое количество губок обитает в тропических водах.
С чем сопряжено деление всех эукариотических клеток?,с формированием специального аппарата клеточного деления,Деление эукариот сопряжено с синтезом клеточной стенки.
Что было установлено вместо полноценного пограничного контроля?,видеонаблюдение,Вместо контроля были установлены контрольно-пропускные пункты.
Какую деталь строения снежинок детально изучал Кеплер?,симметрию,Кеплер изучал теплопроводность снежинок.
Какие основные отрасли промышленности Чунцин?,"химическая, машиностроительная и металлургическая",Основные отрасли — текстильная и пищевая.
К чему приходилось приспосабливать военную практику,к религиозным обычаям,Военную практику приспосабливали к экономическим условиям.
Что характерно для постмодернизма?,Его новизна,Для постмодернизма характерна простота форм.
Какие города были взяты войсками Карла V в 1523 году,"Милан, Лоди, Новара, Алессандрия","Войска взяли Геную, Турин и Флоренцию."
"Как можно разделить все живые организмы по характеру пищи, используемой в процессе жизнедеятельности?","на автотрофных, гетеротрофных, миксотрофных","Организмы делятся на травоядных, хищников и всеядных."
Что расположено к северу от Северного Полярного круга?,Кра́йний Се́вер,К северу от круга расположена Антарктида.
Какая страна являлась союзником Японии в 1904 году?,Великобритания,Союзником Японии была Германия.
Среди каких видов автогонок Формуле-1 нет равных по скорости?,Среди шоссейно-кольцевых,Формула-1 не имеет равных среди раллийных гонок.
Что биографы посчитали важным упомянуть в призывах Петра?,Только бы жила Россия.,Биографы упомянули призыв к торговле с Европой.
В каком году журнал Rolling Stone поставил Боуи на 39-е место в списке 100 величайших исполнителей рок-музыки всех времён ,2004 году,2004 году
"Почему в прошлом чешская фирма Шкода имела подразделение, занимавшееся сугубо троллейбусным производством?",из-за большого заказа СССР,Шкода имела такое подразделение из-за заказов из Китая.
Какой вид образуется при скрещивание Arabidopsis thaliana и Arabidopsis arenosa?,Arabidopsis suecica,При скрещивании образуется Arabidopsis hybrida.
Часто ли меняются потребности и ожидания потребителей?,постоянно изменяются,"Потребности меняются очень редко, раз в десятилетие."
У кого был арендован Россией комплекс Байконур ?,у Казахстана,Комплекс арендован у Туркменистана.
В какую сумму обходится эксплуатация космодрома Байконур в год?,9 млрд рублей,Эксплуатация обходится в 11 млрд рублей.
Какое уравнение является наиболее простым и распространённым,Уравнение Ван-дер-Ваальса,Наиболее простым является уравнение состояния идеального газа.
Какой особенностью обладает корпоративный сайт для групп отдельных специалистов?,Может содержать закрытые разделы,Сайт может содержать открытые форумы для всех посетителей.
Что используются в качестве драгоценных камней в ювелирных украшениях?,Ограненные алмазы — бриллианты,В украшениях используются необработанные алмазы.
Что пользуется динаковой способность к сбыту,Некоторые товары,Некоторые услуги пользуются одинаковой способностью к сбыту.
Что князь Василий Тёмный обещал своему двоюродному брату?,не претендовать на московский престол,Князь обещал отдать половину московских земель.
Какие семьи Африканских языков происходят из других частей света?,"семитская, индоевропейская и австронезийская",Из Азии происходят банту и нилотские языки.
Что такое реальный газ,Агрегатное состояние вещества,"Реальный газ — это газ, подчиняющийся закону Бойля-Мариотта."
Где расположен российский космодром,Байконур,Российский космодром расположен в Плесецке.
Какие губки наиболее многочисленны и разнообразны в спокойных водах?,Обыкновенные губки и известковые губки,В спокойных водах многочисленны стеклянные губки.
Благодаря чему Моцарт и да Понте выиграли положение?,Благодаря нехватке новых опер.,Благодаря поддержке прусского короля.
Какое молоко имеет температуру тела животного — около 37 °C?,Свежевыдоенное,Такое молоко называется парным.
Куда поступают остатки непереваренной пищи?,в толстый кишечник,Остатки поступают в прямую кишку.
В результате чего выяснелась недовольство руководителей такой оценкой?,В результате опроса.,Недовольство выяснилось в ходе аудита.
"За что банк должен нести ответственность, по мнению суда?",за свои деяния,Банк отвечает за халатность сотрудников.
Какой страной комплекс Байконур арендуется у Казахстана?,Россией,Комплекс арендуется Китаем.
Как описал звучание альбома Боб Дилан?," that wild, thin mercury sound ",Боб Дилан назвал звучание «живым и электрическим».
За что несет ответственность кинооператор?,за изобразительное решение фильма и фотографическое качество изображения,Кинооператор отвечает за звуковое сопровождение.
что относится к числу древнейших растительных остатков?,скопления графито-углистого вещества,Древнейшими остатками считаются отпечатки листьев.
Куда обращены плечи хромосом?,к периферии клетки,Плечи хромосом обращены к ядрышку.
Когда был подан патент на телеграф?,В 1837 году,Патент на телеграф был подан в 1840 году.
Чем корпоративный сайт отличается от сайта-визитки?,полнотой представленной информации,Отличие в наличии анимации.
Какую скорость нередко могут превышать машины Формулы-1?,300 км/ч,Машины Формулы-1 превышают 400 км/ч.
"Какие страны соединяли дороги, на которых было установлено видеонаблюдение?",Лихтенштейн и Швейцарию,Дороги соединяли Австрию и Венгрию.
Каким способом можно уменьшить количество микроорганизмов в молоке или полностью их уничтожить?,тепловой обработкой,Микроорганизмы уничтожают замораживанием.
С какой целью проводилось разделение сфер влияния между Испанией и Португалией ?,с целью избежания конфликтов,Разделение проводилось для совместной колонизации Африки.
Какие школы предлагают полные и неполные курсы обучения?,Профессиональные школы.,Такие школы называются вечерними.
Чему подверглась речь царя Петра перед баталией?,Литературной обработке.,Речь подверглась цензуре.
На какой период заключен договор аренды?,до 2050 года,Договор аренды заключён до 2060 года.
В каком кишечнике переваривается основная часть пищи?,в тонком кишечнике,Основная часть пищи переваривается в толстом кишечнике.
Как называлась фундаментальная работа?, Диоптрика .,Работа называлась «Оптика».
"Кто сегодня противопоставляет понятие культурной эволюции и представление о чётком выделении определённых стадий, перечисленных выше?",антропологи и многие социологи,Это противопоставление делают биологи.
Какой коворкинг занимается отбором проектов из области социального предпринимательства?,Парижский коворкинг La Ruche,Этим занимается коворкинг «Impact Hub».
Банк Хоум Кредит выпустил Памятку заёмщика совместно с ассоциацией региональных банков Россия или совместно со Сбербанком?,совместно с ассоциацией региональных банков Россия ,Памятка выпущена совместно со Сбербанком.
"Кто берет на себя плату за транзакцию, когда пользователь проводит финансовую операцию в неродной валюте?",Ripple,Плату берёт на себя банк-отправитель.
В чем проявлятся недовольство менеджмента?,В отсутствии связи между планами.,Недовольство проявляется в текучести кадров.
По какому критерию Формуле-1 нет равных?,По средней скорости,По экономичности топлива.
Каким структурам отведена активная роль в процессе митотического деления клеток?,цитоскелетным,Активная роль отведена ядерной оболочке.
Вместе с чем разрасталась дорожная сеть в Риме?,с ростом самой империи,Дорожная сеть разрасталась с ростом населения.
Наблюдаемые свойства нашего мира инвариантны чему?,вращений в цветовом пространстве кварков,Свойства инвариантны вращениям в пространстве.
Какие виды промышленности входят в пищевую отрасль экономики?,"маслосырообрабатывающая, сахарная, мясная",В пищевую отрасль входит рыбная и консервная.
Какие должности выше доцента и профессора?,декан или проректор,Выше — заведующий кафедрой.
Чем обусловлена Полярность связи?,неравномерным распределением электронной плотности,Полярность обусловлена разницей масс атомов.
Из какого животного мог быть сделан цедьный корпус?,черепахи,Корпус мог быть сделан из панциря броненосца.
Кто запатентовал телеграф?,Сэмюэл Морзе,Телеграф запатентовал Александр Белл.
Кто был единственным другом Сюкаку?,дядя-воспитатель Ясямару,Единственным другом была его сестра.
В каком году Галилей сообщил Кеплеру об открытии спутников Юпитера?,В 1610,Галилей сообщил в 1612 году.
"Какая чешская фирма имела подразделение, занимавшееся сугубо троллейбусным производством по заказу СССР?", Шкода ,Это была фирма «Татра».
На смену какой конвенции была принята Чикагская?,Парижской,Чикагская конвенция пришла на смену Берлинской.
С чем может быть интегрирован корпоративный сайт?,"с внутренними информационными системами компании-владельца (КИС, CRM, бухгалтерскими системами",Сайт может быть интегрирован с почтовыми серверами.
Какие узкие направления вносят вклад в эволюционную биологию,"териология, орнитология или герпетология",Вклад вносят генетика и экология.
На чем основаны первые классификации?,на малом количестве наблюдательного материала,Первые классификации основаны на внешних признаках.
Купол чего является наиболее крупным в мире выполненным из неармированного бетона?,Пантеон,Купол собора Святого Петра.
На какие деньги осуществлялось строительство дорог?,на государственные деньги,Строительство шло на средства частных инвесторов.
Для температуры 300 K какая концентрация носителей заряда у кремния?,"5,81·1015 м−3","Концентрация составляет 1,0·10^16 м^−3."
На какое место В 2004 году журнал Rolling Stone поставил Боуи в списке 100 величайших вокалистов всех времён ,на 23-е,"на 23-е, хотя это оспаривается современными исследованиями."
"Что сегодня антропологи и многие социологи активно противопоставляют представлению о чётком выделении определённых стадий, перечисленных выше.",понятие культурной эволюции,Они противопоставляют понятие социальной эволюции.
Под каким названием была широко известна камера-обскура среди художников эпохи Ренессанса?, тёмная комната ,Она была известна как «магический фонарь».
Какая экономическая отрасль была развита в городе?,машиностроительная,В городе была развита лёгкая промышленность.
Где была открыта экспериментальная троллейбусная линия?,в предместье Берлина Галензе (Halensee),Линия была открыта в Мюнхене.
При каком виде пространственного размещения шаров достигается максимальная плотность упаковки?,при пирамидальном,При гексагональной упаковке.
Какую должность имеет возможность занять доктор наук со званием доцента?,должность профессора,Доктор может занять должность декана.
Начало миротворчества вокруг Полтавской битвы?,Вскоре после её окончания.,Миротворчество началось через месяц после битвы.
Что образуют собой обыкновенные предикаменты?,материал суждений,Предикаменты образуют логические высказывания.
Действие какого устройства описал древнекитайский философ Мо-цзы в V веке до нашей эры?,камеры-обскуры,Мо-цзы описал действие водяных часов.
Численность узбеков в Шымкенте в начале 2015 года?,161 222 человек,Численность узбеков составляла около 120 тысяч.
Что изменилось в связи с присоедининием к Шымкенту границ прилежащих райнов?,этнический состав населения,Изменился климат города.
Кто правил после династии Висконти,Династия сфорца,После Висконти правили Медичи.
Знал ли Брюллов о неверности его будущей жены?,О неверности невесты Брюллов узнал перед самой свадьбой,Брюллов узнал о неверности после свадьбы.
Что является абсолютной величиной скорости распространения электромагнитных волн в вакууме,Скорость света в вакууме,Абсолютная величина — скорость звука в вакууме.
"Где Байрон заболел лихорадкой, продолжая отдавать все свои силы на борьбу за свободу страны.",В Миссолонги.,Байрон заболел в Греции.
Что такое кинооператор?,профессия в кинематографе,Кинооператор — это специалист по монтажу.
Для чего рисовальщики начали использовать это приспособление?,Для создания перспективных картин,Для рисования портретов.
Какая оценка дана Друкером?,Сегодня одна из самых слабо проработанных областей управления.,Друкер назвал эту область самой развитой.
Из скольких фактов о популяциях следует процесс эволюции путём естественного отбора?,из трёх,Эволюция следует из пяти фактов.
В каких годах началась военная реформа и ускоренная индустриализация Японии?,В 1870-х,Реформы начались в 1860-х годах.
Что объединяет большинство языковых семей Африки?,4 гипотетические макросемьи,Их объединяет общее происхождение.
Из каких элементов состоит Конструкция Сущего и явлений в Сущем?,"Единое, Ум, Душа, Космос, материя","Из воды, огня, земли и воздуха."
Какой параметр а кремния?,"0,54307 нм","Параметр решётки кремния равен 0,5 нм."
против какого государства воевала Бенгалия,против Англии,Бенгалия воевала против Франции.
Из чего исходит причастность?,из природы самого Единого (Блага),Причастность исходит из разума.
Название одного из самых больших коммерческих центров Китая?,Чунцин,Это Шанхай.
Как используют закон Парето?,как базовая установка,Как математическую теорему.
Какая особенность была у Сюкаку?,управление песком,Управление огнём.
С какого года в Найроби функционирует коворкинг iHub?,С 2010 года,С 2008 года.
Когда в Китае появились инструменты жуань и юэцинь?,В III—IV веках н. э.,В V–VI веках н. э.
Кем поставляется электрооборудование для троллейбусов?,сторонним по отношению к производителю кузовов поставщиком,Поставляется самим производителем троллейбусов.
Когда была подписана Чикагская конвенция?,7.12.1944 года,Чикагская конвенция подписана 15 мая 1945 года.
"Как назывались реакции, когда вещества изменяют окраску под действием света, описанные Вильгельмом Хомбергом?",фотохимические реакции,Фотографические реакции.
Что прошла поэтика как наука в своем историческом развитии?,длинный путь,Поэтика прошла путь от риторики до стиховедения.
"Кто утверждал, что величайшие преступления считались совместимыми с богобоязненным благочестием ?",Философ Давид Юм,Это утверждал Вольтер.
В чем заключается один тип симпатрического видообразования?,в гибридизации двух близких видов,В экологической изоляции.
"Какой запрет, касательно моторов, действует в Формуле-1 по ходу сезона?",На доработку силовых установок,Запрещена замена двигателя.
"На протяжении какого времени действовала экспериментальная троллейбусная линия, открытая компанией Siemens & Halske в предместье Берлина Галензе?",с 29 апреля по 13 июня 1882,Линия действовала с апреля по август.
Какой колледж мог бы считаться одной из первых общеобразовательных школ в мире?,Колледж Кальвина.,Колледж Сорбонны.
Каким процессам подвергается непереваренная пища в толстом кишечнике?,бродильным процессам с участием эндосимбионтов,Подвергается гниению.
В создании чего непосредственно участвует кинооператор?,спецэффектов,В создании сценария.
Что содержат некоторые из нитчатых цианобактерий помимо обычных вегетативных клеток?,Функционально дифференцированные: акинеты и гетероцисты,Содержат хлоропласты.
Назовите самое грандиозное произведение из бетона.,Родина-мать,Статуя Свободы.
В течение 2013 года или 2017 года семинары пройдут в различных городах по всей России?,в течение 2013 года,Семинары пройдут в 2017 году.
Какие легко реализуемые финансовые активы Центральный банк может держать в своем портфеле международных резервов?,деноминированные в свободно конвертируемых валютах,Акции иностранных компаний.
Что образуется в телофазе в области полюсов деления?,ядра дочерних клеток,Образуются центриоли.
Как выглядит кристаллическая решетка кремния?,убическая гранецентрированная типа алмаза,Гексагональная.
Как определяется цвет кварка?,внутренним квантовым числом,Цвет определяется спином.
Где ведется большая часть современных семиотических исследований?,в рамках антропологии и лингвистики.,В США.
Сколько стоит эксплуатация космодрома?,9 млрд рублей в год,8 млрд рублей.
"Что можно получить, если правильно выбрать минимум самых важных действий?",значительную часть от планируемого полного результата,Можно получить 50% результата.
Где в наши дни находится картина Последний день Помпеи ?,в Русском музее,В Третьяковской галерее.
Кто придумал собственные разряды образующие содержание или материал умозаключений,Готфрид,Лейбниц.
Что такое вашингтонский Hera Hub?,"это коворкинг, созданный женщинами для женщин",Женский коворкинг в Нью-Йорке.
Из какого количества фактов о популяциях следует эволюция путем естественного отбора?,из трёх фактов,Из четырёх фактов.
По каким признакам группировали звёзды?,"форма кривой блеска, амплитуда",По яркости и цвету.
Какой речь была в реалии?,Более обыденной.,Простой и грубой.
"Как назывался корабль, на борту которого Нансен пытался достичь Северного полюса?", Фрам ,«Норвегия».
Что очень тревожило постоянно хворавшего Байрона?,болезнь его дочери Ады,Здоровье его матери.
В каком году Миланское герцогство было завоевано Франциском I Французским,В 1516 году,В 1520 году.
Ледниковый покров какого острова Нансен пересек в 27 лет?,Гренландия,Исландии.
Что собой представляет постмодернизм?,Новую авторскую форму,Направление в живописи.
Что произошло в лихие 90-е годы с тяжелой промышленностью?,была фактически ликвидирована,Она была приватизирована.
Кремний будет пластичным при какой температуре?,при нагревании выше 800 °C,При 600 °C.
С учетом чего Центральный банк Республики Косово имеет одной из своих функций проведение операций с международными резервами?,целей существования организации,С учётом членства в ЕС.
С какой целью предполагалось запустить телескопа с полутораметровым зеркалом?,"тестирования и отработки систем,",Для поиска экзопланет.
Какие пути предлагают Религии для решения моральных дилемм?,различные,Единый путь.
Когда Моцарт вступил в масонскую ложу К благотворительности ?,14 декабря 1784 года.,В 1785 году.
Когда присваивается ученое звание?,после определённого времени работы в соответствующей должности,После защиты докторской.
Кем был ослеплен князь Василий Тёмный?,своим двоюродным братом Дмитрием Шемякой,Татарами.
Какие предприятия стали работать фактически заново после 90-х г.г. ?,крупнейшие заводы города,Малые предприятия.
Когда был открыт Музей Грина в Феодосии?,В июле 1970 года,В 1965 году.
С чем совпадали почти границы поэтики в процессе ее исторического развития?,с границами истории литературы или эстетики,С границами философии.
В каком году и куда приехал князь Василий Тёмный посетить монастырь?,В 1447 году в Кириллов,В 1445 году в Троице-Сергиеву лавру.
Почему метро мост делают крепче чем обычные мосты?,так как поезда метро создают очень сильную вибрацию,Из-за большего веса поездов.
Когда Моцарт знакомится с известнейшим композитором Йозефом Гайдном?,В 1783 году.,В 1780 году.
Какое поле описывает взаимодействие кварков?,калибровочное поле,Электромагнитное поле.
В каком году Папа короновал Карла V ?,В 1530 году,В 1525 году.
Под каким названием среди художников эпохи Ренессанса камера-обскура была широко известна?, тёмная комната ,Светлый ящик.
После чего Пеле стал единственным в истории трижды чемпионом мира по футболу?,после победы сборной в Мексике,После победы в Чили.
В каком качестве Нансен обрел известность в молодости?,спортсмен-лыжник и конькобежец,Поэта.
Какой законный правитель вынужден был скрыться в горный регион Вилькабамба из-за жестокого обращения испанцев с инками?,Инка Манко Инка Юпанки,Атауальпа.
Кем была основана Тебризская школа персидской миниатюры?,монгольскими ильханами государства Хулагуидов.,Сефевидами.
С какой длины волны кремний станет прозрачным при инфракрасном излучении?,"1,1 мкм","С 0,9 мкм."
Что перестаёт зависеть от объёмов выпуска?,величина постоянных издержек,Переменные издержки.
Какие составляющии пищи гетеротрофных организмов?,"белки, жиры, углеводы",Только белки.
то поняло Японское правительство?,Необходимость ускоренного экономического развития,Необходимость военной реформы.
С чем связано однообразие губок?,"с тем, что в тропиках встречается немало организмов, питающихся губками",С отсутствием хищников.
Что можно отнести к постмодернической практике?,"Кино, литература, архитектура или иные виды искусства",Только литературу.
Где располагаются в завершении прометафазы хромосомы?,в экваториальной плоскости веретена,У полюсов.
Для каких организмов служат пищей неорганические составные?,для автотрофных,Для гетеротрофов.
Что наследует постмодернизм из соцреализма?,Синтетичность,Идейность.
О чем считал небезопасным делать какие-либо выводы Давид Юм?,о морали человека,О политике.
Викаком голу Конгресс утвердил финансирование телескопа?,В 1978 году,В 1975 году.
Какие дороги относятся к древнейшим в Риме?,Аппиева дорога (312—244 годы до н. э.) и Фламиниева дорога (220 год до н. э.),Тибрская дорога.
"Что является жизненно-важным элементом, который находится во всех тканях организма и необходим для нормального функционирования клеток?",Магний,Калий.
Что представляет из себя неоплатонизм как философская система?,идеалистическая философская система,Материалистическая система.
Где традиционно в медицине применяются оксид и соли магния?,"В кардиологии, неврологии и гастроэнтерологии",В хирургии.
Какоу параметр кремния ?,"0,54307 нм","0,55 нм."
Какой материал приобрел на современном этапе развития большое значение для изготовления скульптур?,Искусственный камень или декоративный бетон,Пластик.
По какому критерию Формула-1 не может считаться самой быстрой?,По абсолютной скорости,По разгону.
Для каких клеток является универсальным двухполюсное митотическое веретено?,"как для животных, так и для растительных",Только для животных.
Что является единственной известной причиной адаптаций?,Естественный отбор,Мутации.
"Что нужно предпринять для того, чтобы сохранить качество свежевыдоенного молока?",предотвратить размножение микроорганизмов,Добавить консерванты.
"Что противники могли бы транслировать, если бы Ripple был полностью свободен для доступа?",большие объемы реестрового спама ,Рекламу.
Что предполагает способность товара к обращению?,лёгкость его циркулирования,Возможность возврата.
К чему пристрастно прилежал Волков?,к познанию наук и художеств,К военному делу.
Сколько заводов в Чунцин по выпуску автомобильного транспорта?,5 заводов,3 завода.
К появлению каких особей ведет появление внутривидовой конкуренции и избирательной элиминации наименее приспособленных к среде особей?,черты которых способствуют выживанию и размножению в этой среде,К появлению хищников.
Население Шымкента в начале 2015 года?,858 147 человек,950 тысяч.
Какой ведущий концерн в Германии производит современное электрооборудование для троллейбусов?,Siemens AG,Bosch.
Когда появился инструмент виуэла?,в XV—XVI веках,В XIV веке.
Кто запретил постановку комедии Женитьба Фигаро в Национальном театре?,Иосиф II.,Людовик XVI.
Какая отрасль производства занимает лидирующее место в экономике города Чунцин?,промышленность,Сельское хозяйство.
Кто высказался о количестве менеджмента оказывающих влияние на организацию?,По мнению Питера Друкера.,Питер Друкер.
"Что получает Моцарт, находясь в зените своей славы?",огромные гонорары за свои академии и издание своих сочинений.,Придворную должность.
"Каких союзников нашли испанцы после того, как был казнен Атауальпа, а сопротивление возглавил Руминьяви?",из рядов самих инков,Португальцев.
Кто был генерал-губернатором Бенгальского президентства,Уоррен Гастингс,Роберт Клайв.
"Какое название получили сигналы, передаваемые телеграфом Морзе?", тире и точки ,Импульсы.
При какой температуре Кремней становится пластичным?,выше 800 °C,Выше 900 °C.
Что ещё помимо органических веществ необходимо для жизнедеятельности гетеротрофных организмов?,"витамины, нуклеиновые кислоты и микроэлементы",Кислород.
От чего обязательно перестает зависеть величина постоянных издержек?,от объёмов выпуска,От цен на сырьё.
В каком городе эксплуатируется самый длинный метромост в мире по данным на сентябрь 2013 года?,в городе Новосибирске,В Москве.
Что не обязательно приводит к формированию иерархической социальной организации или расслоения общества?,усложнение общественной жизни,Урбанизация.
С чем не стоит смешивать ученые звания доцента и профессора?,"с должностями в вузах, имеющими аналогичные наименования",С научными степенями.
при каком общем стаже работы назначались пенсии заслуженным мастерам спорта СССР и мастерам спорта СССР международного класса,не менее 20 лет,При стаже 15 лет.
Что относится к автотрофным организмам?,большинство растений,Грибы.
Кто сообщил Кеплеру об открытии спутников Юпитера?,Галилей,Браге.
Целлюлоза в клеточных стенках организована в ....?,в микрофибриллы,В волокна.
"Между кем долгое время происходит спор, о том какой из альбомов следует считать вершиной творчества Боба Дилана?",рок-критиками,Музыкантами.
Что такое корпоративный сайт?,"содержит полную информацию о компании-владельце, услугах/продукции,",Сайт для сотрудников.
"Какими издержками начинают считать издержки, величина которых непосредственно зависит от изменения объема выпуска?",переменными,Постоянными.
Где был создан первый троллейбус?,в Германии,В Англии.
Как называется отношение скорости течения в данной точке газового потока к местной скорости распространения звука в движущейся среде?,Числом Маха.,Критерий Рейнольдса.
Кто был художником-декоратором постановки и автором эскизов костюмов действующих лиц?,художник-мироискуссник М. В. Добужинский,А. Бенуа.
Когда была основана Тебризская школа персидской миниатюры?,В начале XIV века.,В XV веке.
В каком году банк продолжил мероприятия по повышению финансовой грамотности в регионах?,В 2012 году,В 2010 году.
Что образуют вместе город Байконур и космодром Байконур?,комплекс Байконур ,Космический центр.
Какова была реакция мира на нападение Японии?,осуждено большинством стран,Поддержка Японии.
Когда католические короли получили от Александра VI буллу ?,4 мая 1493 года,4 мая 1495 года.
Какие попытки предпринимались для изучения переменных звезд?,создать их адекватную классификацию,Создание каталогов.
Кем могут выпускаться кузова для троллейбусов?,любым производителем автобусов,Только специализированными заводами.
"У кремния твердость меньше или больше, чем у алмаза?",твёрдость кремния значительно меньше,Больше.
Где у нитчатых цианобактерий описаны структуры?,В клеточной стенке,В цитоплазме.
Какие губки многочисленны в полярных водах?,Стеклянные губки,Известковые.
Кто освободил от крестного целования Шемяку?,Игумен Трифон,Митрополит.
"Что происходит в государствах, которые обменивают товары, произведенные с меньшими издержками, друг с другом?",каждое из них оказывается в выигрыше,Растут пошлины.
"Как называются явления, которые сопровождают движение аппаратов со скоростью, сравнимой со скоростью звука?",Звуковой барьер.,Эффект Доплера.
Какие товары могут потерять способность к сбыту?,"Предметы одежды, постельное бельё",Продукты питания.
В честь кого получала свое название магистральная дорога?,"либо в честь цензора, которым была построена или отремонтирована, либо по области назначения",В честь императора.
Из чего состоит двухполюсное митотическое веретено?,из микротрубочек и связанных с ними белков,Из актиновых нитей.
Одинаково ли ориентированы макромолекулы в микрофибрилле?,одинаково,"Нет, хаотично."
Где использовали бетон римляне?,В массовом строительстве общественных зданий и сооружений.,В строительстве акведуков.
Чем в Москве увлёкся Волков?,театральными представлениями,Живописью.
Что обладают алмазным напылением?,Шлифовальные насадки бормашин,Свёрла.
Какие издержки неправомерно начинают считать переменными?,величина которых непосредственно зависит от изменения объема выпуска,Постоянные.
Каково генетическое разделение языков Африки?,"делятся на 7 изолированных языков, 9 неклассифицированных языков и 32 семьи",Делятся на 5 семей.
"Как называется мост, по которому проходит линия метрополитена?",Метромост,Виадук.
как образовалось графито-углистое вещество?,в результате разложения Corycium enigmaticum,Из остатков растений.
Можно ли назвать Африканские языковые макросемьи генетическими?,"В основном, эти макросемьи являются таксономическими, а не генетическими","Да, все."
В чьих работах содержатся элементы семиотики ?,Платона и Аристотеля,Соссюра.
Что используют для съемки фильмов панорамные киносистемы?,разделение изображения на несколько частей,Три камеры.
Какие касты считались высшими,раджпуты и брахманы,Брахманы и кшатрии.
До какого предела снижается температура молока после дойки?,до температуры помещения,До 20 °C.
Для чего экспериментаторы используют селекцию дрозофил ?,для лучшего понимания многих проблем эволюционной биологии,Для генетических опытов.
Какие города Моцарт посетил во время путешествия с 8 апреля по 4 июня 1789 года?,"Прагу, Лейпциг, Дрезден, Потсдам и Берлин.",Вену и Париж.
"Что сделал Василий, после того как благополучно вернул себе Московское княжество?",уничтожил Шемяку,Казнил бояр.
Какой минерал является наиболее интересным природным ресурсом магния?,Бишофит,Магнезит.
Куда обращены центромерные участки хромосом?,"к центру веретена,",К ядерной мембране.
Чем корпоративный сайт отличается от других сайтов?,полнотой представленной информации,Дизайном.
На претензиях к какой организации продолжает настаивать Министерство юстиции США?,к банку UBS,К Deutsche Bank.
Где начались первые бои Русско-японской войны?,Около Порт-Артура,В Корее.
В какой отрасли крупнейшими центрами были Приоло и Джела?,химическая,Нефтяная.
Когда были установлены пенсии за спортивные достижения и выслугу лет ,2 августа 1988 года,2 августа 1988 года
Какая династия сменила династию Висконти?,династия Сфорца,Династия Борджиа.
К чему привели Финансовые проблемы?,к сокращениям,К инфляции.
В чем возникла необходимость после прибытия Колумба из Вест-Индии ?,необходимость в разделении сфер влияния между Испанией и Португалией,В разделе Азии.
В каком возрасте Волков был отправлен в Москву к немецким промышленникам?,В возрасте двенадцати лет,В 10 лет.
В каком году Брюллов познакомился с 18-летней Эмилией Тимм,В 1838 году,В 1835 году.
Где он познакомился с Лоренцо да Понте?,На квартире у Барона Ветцлара.,В Вене.
Какие действия в монотеистических традициях рассматриваются как однозначно неприемлемые?,аборт или развод,Самоубийство.
В каком году к Шымкенту присоединились прилежащие райны?,К началу 2015 года,В 2013 году.
Каким способом можно предотвратить размножение микроорганизмов в молоке?,Этого можно достичь тепловой обработкой молока,Охлаждением.
"Какие, например, крупные концерны агрегируют внутри себя сразу несколько отраслей машиностроения?",итальянский FIAT или немецкий MAN SE,Toyota.
С какими внутренними информационными системами компании-владельца можеть быть интегрирован корпоративный сайт?,"КИС, CRM, бухгалтерскими системами",С ERP.
Какие органические вещества составляют пищу гетеротрофных организмов?,"белки, жиры, углеводы",Только углеводы.
На какие группы делятся живые организмы по характеру пищи?,"на автотрофных, гетеротрофных, миксотрофных",На растения и животных.
"С кем захотел прогуляться Байрон, получив письмо о выздоровлении дочери?",с графом Гамба,С врачом.
Какие виды анатомических сегментов выделяют в кишечнике у млекопитающих?,тонкий и толстый,Двенадцатиперстную и тощую кишку.
Кому эти пенсии назначались?,мастерам спорта,Тренерам.
Количество саамов в 1897 году?,1812 человек,1500
Какие функциональные инструменты для работы с контентом содержит корпоративный сайт?,"поиск и фильтры, календари событий, фотогалереи",Чат и форум.
Что открыла Япония когда пересмотрела свою прежнюю политику самоизоляции от внешнего мира ?,Некоторые порты для товарообмена с западными странами.,Границы для иммиграции.
У кого Россия арендует этот комплекс?,у Казахстана,У Казахстана.
Над чем активно работает Банк Хоум Кредит?,над повышением финансовой грамотности населения,Над кредитованием.
Чем связаны между собой листы макромолекул?,большим числом водородных связей,Ионными связями.
В честь кого назван закон Парето?,экономиста и социолога Вильфредо Парето,Математика.
Как зазвучала речь Петра в измененном виде?,"Не должны помышлять, что сражаетесь за Петра, но за государство.",Пафосной.
Кого Морзе сделал своими партнерами?,Альфреда Вейла и Леонарда Гейла,Братьев.
Что образуют в завершении прометафазы хромосомы?,образуя метафазную (экваториальную) пластинку.,Звезду.
Где преимущественно обучались учащиеся в 2011—2012 учебном году в женевской образовательной системе?,в университете,В колледжах.
Где продолжается среднее образование?,В колледжах (15-19 лет).,В лицеях.
Какова температура свежевыдоенного молока?,около 37 °C,35 °C.
Какое произведение из бетона является наиболее масштабным?,Родина-мать,Пирамиды.
Какими тиражами издавались произведения Грина?,миллионными,Сотнями тысяч.
Что является самым дорогим драгоценным камнем?,Бриллиант,Рубин.
С какой целью палеонтологи и геологи анализируют окаменелости,чтобы получить сведения о темпах и формах эволюции,Для датировки пород.
"Сколько градусов составила максимальная точка, которую достиг Нансен в 1897 году в экспедиции на Северный полюс?",86° 13′ 36 с. ш.,88° с. ш.
Где был изобретен синематограф?,во Франции,В США.
В какие века рисовальщики начали использовать камеры-обскуры приспособление для создания перспективных картин,в средние века,В XVI веке.
Какой запас должна иметь для участия в торговле каждая учётная запись Ripple?,20 XRP,50 XRP.
Какие товары теряют способность сбыта в других руках?,"предметы одежды, постельное бельё",Ювелирные изделия.
В каком году было заключение японо-американского мирного договора?,1854 г,1860 г.
Кто возглавил сопротивление инков на севере империи после казни Атауальпы?,Руминьяви,Манко Инка.
Сколько кВт·ч электроэнергии вырабатывалось на ТЭС?,свыше 10 млрд кВт·ч,5 млрд кВт·ч.
"Когда Карл V завоевал Милан, Лоди, Новару и Алессандрию?",В 1523 году,В 1521 году.
Население Шымкента в прежних границах в начале 2015 года?,711 783 человек,650 тысяч.
Водородные связи сильные или слабые?,довольно слабые,Сильные.
Как хромосомы зачастую лежат в растительных клетках?,в экваториальной плоскости веретена,Беспорядочно.
Как получилаются другие полиморфные модификации кремния ?,при высоких давлениях,Нагреванием.
Какая продукция или услуга нужна потребителям?,характеристики которой удовлетворяли бы их потребности и ожидания,Дешёвая.
Что сформулировал Чарлз Дарвин?,теорию эволюции путём естественного отбора,Закон наследственности.
От кого Моцарт получил заказ на новую оперу?,От императора.,От папы римского.
Кому была подарена Демидовым картина Последний день Помпеи ?,Николаю I,Академии художеств.
Что означает выражение: страна может осуществлять производство определенного товара с меньшими издержками?,используя меньшее количество ресурсов,Используя дешёвый труд.
Как делятся ковалентные связи по признаку различий в электроотрицательностях атомов?,на неполярные и полярные,На одинарные и двойные.
что найдено в кремнистых сланцах железорудной формации Канады?,"нитевидные водоросли, грибные нити",Ископаемые остатки.
До чего суживались очертания граней предмета поэтики и характер задач в процессе исторического развития?,до пределов свода поэтических правил,До стилистики.
В каком случае этому человеку трудно было бы сбыть товар?,"Даже если бы он ими и не пользовался, а приобрёл для перепродажи.",Если товар испорчен.
Где в 2009 году прошел саммит Большой двадцатки ?,в Лондоне,В Париже.
Что сохраняется в соцреалистическом синтезе различных стилей?,"Их идентичность, чистота признаков, раздельность",Иерархия.
Какое названия носят простые понятия в логике?,предикаменты,Категории.
Когда Франциск I Французский завоевал Миланское герцогство?,В 1516 году,В 1518 году.
Какое оружие использовали японцы против русских кораблей?,торпеды,Пушки.
Где Моцарт познакомился с Лоренцо да Понте?,на квартире у Барона Ветцлара,В театре.
Что необходимо сделать для сохранения качества молока?,предотвратить размножение микроорганизмов,Пастеризовать.
На какое звание может быть выдвинут человек в должности профессора?,на звание профессор ,На звание академика.
"Под влиянием чьей идеи, Вернером фон Сименсом был создан первый троллейбус?",Вильгельма Сименса,Эдисона.
Где находится Родина-мать?,На Мамаевом Кургане,В Киеве.
"Кто в Миссолонги заболел лихорадкой, продолжая отдавать все свои силы на борьбу за свободу страны?",Байрон.,Пушкин.
"На какую продукцию следует обменивать товары, произведенные с меньшими издержками?",выпуск которой в стране не осуществляется,На сырьё.
Что осуществляют гетероцисты?,Фиксацию азота и интенсивно обмениваются метаболитами с вегетативными клетками.,Фотосинтез.
Каким уравнением приближенно описывается состояние реальных газов в условиях далёких от температуры конденсации и критической точки,Уравнением Клапейрона,Уравнением Менделеева-Клапейрона.
"При каком давлении скорость, соответствующая 1 Маху, будет равна скорости звука в воздухе?",1 атм.,При 2 атм.
Какая сумма выплачивается городу Байконур из федерального бюджета России?,"1,16 млрд рублей","1,5 млрд рублей."
"Как часто называем один глобальный, связанный между собой массив солёной воды?",Мировым океаном,Океаном.
Кем была открыта экспериментальная троллейбусная линия?,компанией Siemens & Halske,Братьями Рено.
В какой период был рассвет Тебризской школы персидской миниатюры?,XVI век.,XVII век.
По версии какого журнала Шесть альбомов Боуи входят в список 500 величайших альбомов всех времён ,Rolling Stone,"Rolling Stone, хотя это оспаривается современными исследованиями."
Почему возможно проводить классификацию по физическим процессам?,благодаря развитию теоретических методов,Из-за повторяемости.
Какую группу концепций представляет собой понятие Крайний Север ?,"с размытой пространственной локализацией, зависящей от цели рассмотрения",Географическую.
Как использовали бетон римляне?,в массовом строительстве общественных зданий и сооружений,В дорожном строительстве.
Что составляет пищу гетеротрофных организмов?,"Белки, жиры, углеводы",Минералы.
на чемпионатах мира каких годов Пеле не смог проявить себя на поле?,1962 и 1966,1958 и 1970.
Какой пример товара с одинаковой способностью к сбыту?,Крупица золота,Соль.
"На какой основе выдаются шенгенские визы иностранцам, постоянно проживающим в Лихтенштейне?",бесплатно,На платной основе.
"Кто был первым человеком, доказавшим, что свет, а не тепло делает серебряную соль тёмной?",Физик Иоганн Гейнрих Шульце,Ньютон.
Что лежит в основе международного разделения труда?,Существование абсолютных преимуществ,Сравнительные преимущества.
Под каким заголовком в Чикагской конвенции упоминаются Беспилотные воздушные суда?, Беспилотные воздушные суда ,Авиация общего назначения.
"Что превращается в деятельность, приносящую выгоду всем участникам?",международная торговля,Благотворительность.
Кем был изобретен хронофотограф?,Ж. Демени,Мареем.
"Что предложил друг и ученик Моцарта, князь Карл Лихновский, собираясь по делам в Берлин весной 1789?",Место в своём экипаже,Финансовую помощь.
Какое имя получил телескоп?,Эдвина Хаббла,Хаббл.
Когда состоялся дебют спектакля по пьесе Месяца в деревне ?,Дебют спектакля состоялся в 1872 году,В 1870 году.
Сколько лет известен бетон?,более 4000 лет,3000 лет.
Кто ставил пьесу Месяца в деревне во МХТе в начале XX века?,пьесу ставили К. С. Станиславский и И. М. Москвин,В. Немирович-Данченко.
Какое количество групп звезд увеличилось?,со сходными морфологическими признаками,До 10.
К чему приводит то что хромосомы разных родительских видов не могут конъюгировать во время мейоза?,к бесплодности их гибридов,К мутациям.
В каком месяце в 2009 году прошел саммит Большой двадцатки ?,в апреле,В сентябре.
Что обеспечивают структуры клеточной стенки у нитчатых цианобактерий?,Контакт двух соседних клеток — микроплазмодесмы,Защиту.
"Назовите крупные города Китая, производящие автомобили?","Чунцин вместе с городами Шанхай, Чанчунь и Шиянь",Пекин.
Функциональное назначение классификации семей Африканских языков?,Лингвистам они полезны для условной систематизации языкового материала,Историческое.
Какова стоимость эксплуатации космодрома в год?,около 9 млрд рублей,7 млрд рублей.
Что относится к числу неадаптивных причин эволюции?,"генетический дрейф, поток генов и мутации.",Естественный отбор.
О наличии чего вскоре стали говорить?,своеобразной рок-трилогии,Рок-оперы.
Для повышения финансовой грамотности Банк Хоум Кредит провёл конкурс среди журналистов или банкиров?,среди журналистов,Среди студентов.
Как отреагировали дети на помощ Сюкаку?,"увидев его, начали разбегаться",Поблагодарили.
На сколько уменьшился діаметр зеркала?,"3 до 2,4 метра",С 3 до 2 м.
Чем приводятся в движение системы менеджмента качества?,требованиями потребителя организации,Приказами.
Какие сюжеты миниатюр как правило использовались чаще в Тебризской школе персидской миниатюры?,Бытовые сцены.,Батальные сцены.
Для чего необходим магний в организме?,Для нормального функционирования клеток,Для роста костей.
Чем отличается метромост от обычного моста?,повышенной прочностью,Шириной.
К каким группам принадлежат наиболее высокоорганизованные многоклеточные организмы?,цианобактерий и актиномицетов,Животным.
Кто запретил постановку комедии в Национальном театре?,Иосиф II,Наполеон.
Какие факторы относятся к числу неадаптивных причин эволюции ?,"генетический дрейф, поток генов и мутации",Климатические изменения.
В соответствии с чем Центральный банк Республики Косово имеет одной из своих функций проведение операций с международными резервами?,с лучшей международной практикой ,С конституцией.
Что служит основной пищей для автотрофных организмов?,"Неорганические составные — CO2, H2O и другие",Органика.
Какие долговые ценные бумаги Центральный банк может держать в своем портфеле международных резервов?,свободно обращающиеся,Государственные облигации.
"Как называется специалист, управляющий киносъемочным аппаратом, с помощью которого происходит запись движущегося изображения на кинопленку?",Кинооператор,Режиссёр.
Где такие форматы не получили широкого распространения вследствие своей дороговизны и несовместимости с массовой киносетью?,В СССР и остальном мире,В Азии.
В какие года существовала Аппиева дорога?,312—244 годы до н. э.,300–200 гг. до н. э.
Кем был создан первый троллейбус?,инженером Вернером фон Сименсом,Эдисоном.
Где был изобретен биоскоп?,в Германии,Во Франции.
В каких местностях живут рабочие получающие льготы и компенсации?,с суровым климатом,В горной местности.
Что включает в себя эволюционная биология?,"на включает в себя как полевые, так и лабораторные направления различных наук",Палеонтологию.
Сколько саамов на 2002 год в России?,1991 саам,2500
Что позволяли Моцарту доходы?,"держать дома прислугу: парикмахера, служанку и повариху.",Путешествовать.
Где особенно широко использовался Бетон?,в Древнем Риме,В Египте.
У какой страны Россия арендует комплекс Байконур ?,у Казахстана,У Казахстана.
На какаю из пьес Тургенева выпал наибольший успех?,наибольший успех выпал на долю Месяца в деревне ,На «Дворянское гнездо».
Какой русский аналог есть для названия периода стиля clarino?,во времена полифонистов,Высокий барокко.
Куда Николай I поместил картину Карла Павловича Брюллова?,"в императорский Эрмитаж, а затем подарил Академии художеств",В Зимний дворец.
Сколько пластинок На протяжении своей карьеры продал Боуи,136 миллионов,200 миллионов.
Какие клетки помимо обычных вегетативных клеток имеются у отдельных из нитчатых цианобактерий?,функционально дифференцированные,Репродуктивные.
До какого возраста посещение школы является обязательным?,До 15 лет.,До 16 лет.
С чем связано развитие качества киноизображения?,с появлением в начале 1950-х панорамных киносистем,С цифровыми технологиями.
